{
  "Product Manager": {
    "manager": {
      "n": 495,
      "p25": 154228.2313903743,
      "p50": 184032.74407944997,
      "p75": 218938.26799242425
    },
    "senior": {
      "n": 407,
      "p25": 165827.56398809524,
      "p50": 187835.46605688217,
      "p75": 207964.27133173845
    },
    "mid": {
      "n": 113,
      "p25": 140000.0,
      "p50": 162480.0,
      "p75": 195000.0
    },
    "staff": {
      "n": 107,
      "p25": 206783.93055555556,
      "p50": 225723.3333333333,
      "p75": 256840.27777777775
    },
    "principal": {
      "n": 54,
      "p25": 184979.5,
      "p50": 212550.0,
      "p75": 236500.0
    },
    "entry": {
      "n": 31,
      "p25": 93500.0,
      "p50": 127500.0,
      "p75": 150000.0
    },
    "director": {
      "n": 25,
      "p25": 231500.0,
      "p50": 259550.0,
      "p75": 288650.0
    },
    "lead": {
      "n": 25,
      "p25": 181700.0,
      "p50": 209000.0,
      "p75": 221900.0
    },
    "vp": {
      "n": 15,
      "p25": 165000.0,
      "p50": 176000.0,
      "p75": 208000.0
    },
    "c-level": {
      "n": 7,
      "p25": 185000.0,
      "p50": 185000.0,
      "p75": 215000.0
    },
    "intern": {
      "n": 6,
      "p25": 21000.0,
      "p50": 80100.0,
      "p75": 93600.0
    }
  },
  "Software Engineer": {
    "senior": {
      "n": 3576,
      "p25": 169943.36076430912,
      "p50": 195418.9884432932,
      "p75": 221930.3207613147
    },
    "mid": {
      "n": 840,
      "p25": 148181.83269329235,
      "p50": 169935.51691017317,
      "p75": 207351.1220580186
    },
    "staff": {
      "n": 831,
      "p25": 202514.9743206522,
      "p50": 239272.9069264069,
      "p75": 277097.3202651515
    },
    "entry": {
      "n": 627,
      "p25": 121455.59784529195,
      "p50": 150000.0,
      "p75": 170148.57572115384
    },
    "intern": {
      "n": 118,
      "p25": 46800.0,
      "p50": 75393.33333333333,
      "p75": 108774.0
    },
    "lead": {
      "n": 117,
      "p25": 164516.125,
      "p50": 189200.0,
      "p75": 222245.7142857143
    },
    "principal": {
      "n": 113,
      "p25": 188038.36805555556,
      "p50": 227044.64285714284,
      "p75": 283890.27777777775
    },
    "manager": {
      "n": 20,
      "p25": 135500.0,
      "p50": 174000.0,
      "p75": 218250.0
    },
    "vp": {
      "n": 10,
      "p25": 179800.0,
      "p50": 197500.0,
      "p75": 209796.0
    },
    "c-level": {
      "n": 6,
      "p25": 180000.0,
      "p50": 190000.0,
      "p75": 215000.0
    },
    "director": {
      "n": 5,
      "p25": 200000.0,
      "p50": 235000.0,
      "p75": 235000.0
    }
  },
  "Product Engineer": {
    "senior": {
      "n": 49,
      "p25": 170000.0,
      "p50": 190000.0,
      "p75": 214000.0
    },
    "staff": {
      "n": 18,
      "p25": 217500.0,
      "p50": 250000.0,
      "p75": 292500.0
    },
    "entry": {
      "n": 16,
      "p25": 150000.0,
      "p50": 180000.0,
      "p75": 207500.0
    },
    "mid": {
      "n": 15,
      "p25": 175000.0,
      "p50": 185000.0,
      "p75": 217500.0
    },
    "lead": {
      "n": 5,
      "p25": 182500.0,
      "p50": 190000.0,
      "p75": 225000.0
    },
    "intern": {
      "n": 2,
      "p25": 36400.0,
      "p50": 132000.0,
      "p75": 132000.0
    },
    "principal": {
      "n": 2,
      "p25": 145000.0,
      "p50": 175000.0,
      "p75": 175000.0
    },
    "director": {
      "n": 1,
      "p25": 242500.0,
      "p50": 242500.0,
      "p75": 242500.0
    }
  }
}