{
  "spearman_rho": -0.39860139860139865,
  "spearman_p": 0.19933549461780897,
  "pearson_r": -0.34214884087821573,
  "pearson_p": 0.2763273639632223,
  "anova_f": 2.9361164495912204,
  "anova_p": 0.10432742590525075,
  "mean_gap_heavy": 12.750160597354895,
  "mean_gap_medium": 12.28533791634512,
  "mean_gap_light": 25.38017223842335,
  "n_heavy": 5,
  "n_medium": 3,
  "n_light": 4
}