{
  "FDE_vs_AIE__LLMs": {
    "label": "FDE vs AIE: LLMs",
    "a": 258,
    "n_a": 878,
    "p_a": 0.2938496583143508,
    "b": 1470,
    "n_b": 3004,
    "p_b": 0.48934753661784286,
    "chi2": 105.1343502657134,
    "p_value": 1.1412918330996226e-24
  },
  "FDE_vs_AIE__Agents": {
    "label": "FDE vs AIE: Agents",
    "a": 335,
    "n_a": 878,
    "p_a": 0.3815489749430524,
    "b": 1352,
    "n_b": 3004,
    "p_b": 0.45006657789613846,
    "chi2": 12.980896589386541,
    "p_value": 0.00031468524097892474
  },
  "FDE_vs_AIE__RAG": {
    "label": "FDE vs AIE: RAG",
    "a": 161,
    "n_a": 878,
    "p_a": 0.18337129840546698,
    "b": 1170,
    "n_b": 3004,
    "p_b": 0.38948069241011984,
    "chi2": 128.1023314714455,
    "p_value": 1.0660246272384816e-29
  },
  "FDE_vs_AIE__Anthropic/Claude": {
    "label": "FDE vs AIE: Anthropic/Claude",
    "a": 118,
    "n_a": 878,
    "p_a": 0.13439635535307518,
    "b": 598,
    "n_b": 3004,
    "p_b": 0.19906790945406125,
    "chi2": 18.890899491618423,
    "p_value": 1.3841139145116829e-05
  },
  "FDE_vs_AIE__OpenAI/GPT": {
    "label": "FDE vs AIE: OpenAI/GPT",
    "a": 113,
    "n_a": 878,
    "p_a": 0.12870159453302962,
    "b": 551,
    "n_b": 3004,
    "p_b": 0.18342210386151797,
    "chi2": 14.348156938339656,
    "p_value": 0.0001519283485672806
  },
  "FDE_vs_AIE__LangChain": {
    "label": "FDE vs AIE: LangChain",
    "a": 75,
    "n_a": 878,
    "p_a": 0.08542141230068337,
    "b": 635,
    "n_b": 3004,
    "p_b": 0.21138482023968042,
    "chi2": 72.13520192617729,
    "p_value": 2.0094696120625375e-17
  },
  "FDE_vs_AIE__Prompt eng": {
    "label": "FDE vs AIE: Prompt eng",
    "a": 126,
    "n_a": 878,
    "p_a": 0.14350797266514806,
    "b": 730,
    "n_b": 3004,
    "p_b": 0.24300932090545938,
    "chi2": 39.134989159224276,
    "p_value": 3.9549231810421525e-10
  },
  "FDE_vs_AIE__Fine-tuning": {
    "label": "FDE vs AIE: Fine-tuning",
    "a": 58,
    "n_a": 878,
    "p_a": 0.06605922551252848,
    "b": 615,
    "n_b": 3004,
    "p_b": 0.20472703062583222,
    "chi2": 91.16255253160452,
    "p_value": 1.323412355866175e-21
  },
  "FDE_vs_AIE__Production": {
    "label": "FDE vs AIE: Production",
    "a": 246,
    "n_a": 878,
    "p_a": 0.28018223234624146,
    "b": 815,
    "n_b": 3004,
    "p_b": 0.2713049267643142,
    "chi2": 0.2695838335478821,
    "p_value": 0.6036110769222439
  },
  "FDE_vs_SA__Stakeholders": {
    "label": "FDE vs SA: Stakeholders",
    "a": 423,
    "n_a": 878,
    "p_a": 0.48177676537585423,
    "b": 987,
    "n_b": 2198,
    "p_b": 0.44904458598726116,
    "chi2": 2.7074738500655435,
    "p_value": 0.09987904024235145
  },
  "FDE_vs_SA__Customer success": {
    "label": "FDE vs SA: Customer success",
    "a": 164,
    "n_a": 878,
    "p_a": 0.1867881548974943,
    "b": 417,
    "n_b": 2198,
    "p_b": 0.1897179253867152,
    "chi2": 0.035150301385190034,
    "p_value": 0.8512810605147507
  },
  "FDE_vs_SA__Consulting": {
    "label": "FDE vs SA: Consulting",
    "a": 217,
    "n_a": 878,
    "p_a": 0.24715261958997722,
    "b": 624,
    "n_b": 2198,
    "p_b": 0.28389444949954507,
    "chi2": 4.263404865978026,
    "p_value": 0.03894179433130742
  },
  "FDE_vs_SA__Communication": {
    "label": "FDE vs SA: Communication",
    "a": 279,
    "n_a": 878,
    "p_a": 0.31776765375854216,
    "b": 590,
    "n_b": 2198,
    "p_b": 0.2684258416742493,
    "chi2": 7.535578796607334,
    "p_value": 0.006049230082341106
  },
  "FDE_vs_SA__Presales": {
    "label": "FDE vs SA: Presales",
    "a": 118,
    "n_a": 878,
    "p_a": 0.13439635535307518,
    "b": 798,
    "n_b": 2198,
    "p_b": 0.3630573248407643,
    "chi2": 156.8712623349115,
    "p_value": 5.461109451030086e-36
  },
  "FDE_vs_SA__Demos": {
    "label": "FDE vs SA: Demos",
    "a": 130,
    "n_a": 878,
    "p_a": 0.1480637813211845,
    "b": 557,
    "n_b": 2198,
    "p_b": 0.2534121929026388,
    "chi2": 40.14131836143449,
    "p_value": 2.362390380921488e-10
  },
  "FDE_vs_SA__Travel": {
    "label": "FDE vs SA: Travel",
    "a": 152,
    "n_a": 878,
    "p_a": 0.17312072892938496,
    "b": 239,
    "n_b": 2198,
    "p_b": 0.10873521383075523,
    "chi2": 23.44033621613718,
    "p_value": 1.2884834431486187e-06
  },
  "FDE_vs_SWE__Distributed systems": {
    "label": "FDE vs SWE: Distributed systems",
    "a": 80,
    "n_a": 878,
    "p_a": 0.09111617312072894,
    "b": 7086,
    "n_b": 38313,
    "p_b": 0.18495027797353378,
    "chi2": 50.580429060101984,
    "p_value": 1.1437996040384668e-12
  },
  "FDE_vs_SWE__Design patterns": {
    "label": "FDE vs SWE: Design patterns",
    "a": 10,
    "n_a": 878,
    "p_a": 0.011389521640091117,
    "b": 2677,
    "n_b": 38313,
    "p_b": 0.06987184506564352,
    "chi2": 45.969325864028626,
    "p_value": 1.2011910028871597e-11
  },
  "FDE_vs_SWE__Microservices": {
    "label": "FDE vs SWE: Microservices",
    "a": 42,
    "n_a": 878,
    "p_a": 0.04783599088838269,
    "b": 3493,
    "n_b": 38313,
    "p_b": 0.09117009892203691,
    "chi2": 19.6410501629311,
    "p_value": 9.343995006061158e-06
  },
  "FDE_vs_SWE__System design": {
    "label": "FDE vs SWE: System design",
    "a": 69,
    "n_a": 878,
    "p_a": 0.0785876993166287,
    "b": 2967,
    "n_b": 38313,
    "p_b": 0.07744107744107744,
    "chi2": 0.015790552784050588,
    "p_value": 0.9000006970770763
  },
  "FDE_vs_SWE__Data structures": {
    "label": "FDE vs SWE: Data structures",
    "a": 12,
    "n_a": 878,
    "p_a": 0.01366742596810934,
    "b": 432,
    "n_b": 38313,
    "p_b": 0.01127554615926709,
    "chi2": 0.43841426150502094,
    "p_value": 0.5078888184274336
  },
  "tier_entry_share": {
    "label": "Frontier vs Other: FDE entry-share",
    "a": 2,
    "n_a": 31,
    "p_a": 0.06451612903225806,
    "b": 61,
    "n_b": 423,
    "p_b": 0.14420803782505912,
    "chi2": 1.534861051782917,
    "p_value": 0.21538435109912207
  }
}