skill,n,coef_log,premium_pct,premium_dollar,dollar_ci_lo,dollar_ci_hi,p_value
Looker,20,0.0914,9.6,17525,2837,33374,0.018459309647072618
causal inference,47,0.0866,9.0,16561,1423,32940,0.031362681725802685
experimentation,28,0.0735,7.6,13959,-715,29814,0.0627616541324457
dashboards,22,0.058,6.0,10944,-7435,31246,0.25284896092209197
Statistical modeling,50,-0.0588,-5.7,-10461,-20329,5,0.05011209112634099
data visualization,61,-0.1114,-10.5,-19307,-30339,-7478,0.001735513877450824
