{
  "chi2": 1485.912031643689,
  "p": 0.0,
  "dof": 10,
  "cramers_v": 0.1209855712003516,
  "n": 50757
}