seniority,n,pct_any_remote
intern,2980,24.86577181208054
entry,4194,41.678588459704336
mid,5102,52.50882007056057
senior,25187,56.370349783618536
staff,6211,63.35533730478184
principal,3399,54.57487496322448
